ID,variables_returned,results_returned
0,empty,empty
1,empty,empty
2,empty,empty
3,empty,empty
4,empty,empty
5,empty,empty
6,empty,empty
7,empty,empty
8,empty,empty
9,empty,empty
10,empty,empty
11,empty,empty
12,empty,empty
13,empty,empty
14,timeout fail,timeout fail
15,empty,empty
16,timeout fail,timeout fail
17,timeout fail,timeout fail
18,timeout fail,timeout fail
19,empty,empty
20,empty,empty
21,empty,empty
22,empty,empty
23,empty,empty
24,empty,empty
25,empty,empty
26,failed,failed
27,empty,empty
28,empty,empty
29,empty,empty
30,empty,empty
31,empty,empty
32,empty,empty
33,empty,empty
34,empty,empty
35,empty,empty
36,empty,empty
37,empty,empty
38,failed,failed
39,empty,empty
40,empty,empty
41,empty,empty
42,failed,failed
43,empty,empty
44,empty,empty
45,empty,empty
46,empty,empty
47,empty,empty
48,empty,empty
49,empty,empty
50,empty,empty
51,empty,empty
52,empty,empty
53,empty,empty
54,empty,empty
55,empty,empty
56,empty,empty
57,empty,empty
58,empty,empty
59,empty,empty
60,empty,empty
61,empty,empty
62,empty,empty
63,empty,empty
64,empty,empty
65,empty,empty
66,empty,empty
67,empty,empty
68,empty,empty
69,empty,empty
70,empty,empty
71,empty,empty
72,empty,empty
73,empty,empty
74,empty,empty
75,empty,empty
76,empty,empty
77,failed,failed
78,timeout fail,timeout fail
79,timeout fail,timeout fail
80,empty,empty
81,empty,empty
82,empty,empty
83,empty,empty
84,empty,empty
85,failed,failed
86,timeout fail,timeout fail
87,timeout fail,timeout fail
88,empty,empty
89,empty,empty
90,failed,failed
91,timeout fail,timeout fail
92,timeout fail,timeout fail
93,empty,empty
94,empty,empty
95,empty,empty
96,empty,empty
97,empty,empty
98,empty,empty
99,empty,empty
